Cluster,Recency,Frequency,Monetary,Customer_Count
0,14.672985781990521,22.04739336492891,12453.225924170616,211
1,247.56403013182674,1.551789077212806,478.10758097928436,1062
2,6.384615384615385,82.6923076923077,127338.31384615385,13
3,42.91057975761546,3.655748444153292,1349.698297739928,3053
